INSERT INTO studyplaner.module (id,ects,module_type,name) VALUES(1,5,1,'MaLe: Machine Learning');
INSERT INTO studyplaner.module (id,ects,module_type,name) VALUES(2,5,1,'IR: Information Retrieval');
INSERT INTO studyplaner.module (id,ects,module_type,name) VALUES(3,5,1,'BDN: Big Data NoSQL');
INSERT INTO studyplaner.module (id,ects,module_type,name) VALUES(4,5,1,'NA: Netzwerk Analyse');
INSERT INTO studyplaner.module (id,ects,module_type,name) VALUES(5,5,1,'VSA: Verteilte Systeme und Anwendungen');
INSERT INTO studyplaner.module (id,ects,module_type,name) VALUES(6,5,1,'JEE: Java Enterprise Edition');
INSERT INTO studyplaner.module (id,ects,module_type,name) VALUES(7,5,1,'UDB: Unternehmensdatenbanken');
INSERT INTO studyplaner.module (id,ects,module_type,name) VALUES(8,5,1,'SOA: Service Oriented Architecture');
INSERT INTO studyplaner.module (id,ects,module_type,name) VALUES(9,5,1,'INSich: Internet Sicherheit');
INSERT INTO studyplaner.module (id,ects,module_type,name) VALUES(10,5,1,'RISich: Reaktive Informationssicherheit');
INSERT INTO studyplaner.module (id,ects,module_type,name) VALUES(11,5,1,'Krypt: Kryptopgraphie');
INSERT INTO studyplaner.module (id,ects,module_type,name) VALUES(12,5,1,'M-ITSec: Management der Informationssicherheit');
INSERT INTO studyplaner.module (id,ects,module_type,name) VALUES(13,5,2,'GameDev: Game Development');
INSERT INTO studyplaner.module (id,ects,module_type,name) VALUES(14,5,2,'MK: Mobilkommunikation');
INSERT INTO studyplaner.module (id,ects,module_type,name) VALUES(15,5,2,'SWQ: Software-Qualiät');
INSERT INTO studyplaner.module (id,ects,module_type,name) VALUES(16,5,2,'C++');
INSERT INTO studyplaner.module (id,ects,module_type,name) VALUES(17,5,2,'FWebT: Fortgeschrittene Web-Technologien');
INSERT INTO studyplaner.module (id,ects,module_type,name) VALUES(18,5,2,'ES&HH: Embedded Systems und Hardware Hacking');
INSERT INTO studyplaner.module (id,ects,module_type,name) VALUES(19,5,2,'DWBI: Data Warehousing und Business Intelligence');
INSERT INTO studyplaner.module (id,ects,module_type,name) VALUES(20,5,2,'FAC: Formale Sprachen, Automaten, Compilerbau');
INSERT INTO studyplaner.module (id,ects,module_type,name) VALUES(21,5,2,'DevOps: Development Operations');
INSERT INTO studyplaner.module (id,ects,module_type,name) VALUES(22,5,2,'Quantum Computing (QC)');
INSERT INTO studyplaner.module (id,ects,module_type,name) VALUES(23,5,2,'ClCo: Cloud Computing');
INSERT INTO studyplaner.module (id,ects,module_type,name) VALUES(24,5,2,'DeepL: Deep Learning');
INSERT INTO studyplaner.module (id,ects,module_type,name) VALUES(25,5,2,'RBD: Realtime Big Data');
INSERT INTO studyplaner.module (id,ects,module_type,name) VALUES(26,5,2,'ESA: Embedded Systems mit Android');
INSERT INTO studyplaner.module (id,ects,module_type,name) VALUES(27,5,2,'BLK: Blockchain');
INSERT INTO studyplaner.module (id,ects,module_type,name) VALUES(28,5,0,'Einführung in Data Science');
INSERT INTO studyplaner.module (id,ects,module_type,name) VALUES(29,5,0,'Informations-Sicherheit');
INSERT INTO studyplaner.module (id,ects,module_type,name) VALUES(30,5,0,'Diskrete Mathematik und lineare Systeme');
INSERT INTO studyplaner.module (id,ects,module_type,name) VALUES(31,5,0,'Datenstrukturen & Algorithmen');
INSERT INTO studyplaner.module (id,ects,module_type,name) VALUES(32,5,0,'Wahrscheinlichkeitsrechnung und Statistik ');
INSERT INTO studyplaner.module (id,ects,module_type,name) VALUES(33,5,0,'Analysis mit Python');
INSERT INTO studyplaner.module (id,ects,module_type,name) VALUES(34,5,0,'Projektarbeit');
INSERT INTO studyplaner.module (id,ects,module_type,name) VALUES(35,5,0,'Lineare Algebra');
INSERT INTO studyplaner.module (id,ects,module_type,name) VALUES(36,5,0,'Seminararbeit');
INSERT INTO studyplaner.module (id,ects,module_type,name) VALUES(37,5,0,'Innovation & Technologie');
INSERT INTO studyplaner.module (id,ects,module_type,name) VALUES(38,15,0,'Bachelor-Thesis');

INSERT INTO studyplaner.relevance (id,relevance_point,specialisation) VALUES (1,2,0);
INSERT INTO studyplaner.relevance (id,relevance_point,specialisation) VALUES (2,2,0);
INSERT INTO studyplaner.relevance (id,relevance_point,specialisation) VALUES (3,2,0);
INSERT INTO studyplaner.relevance (id,relevance_point,specialisation) VALUES (4,1,1);
INSERT INTO studyplaner.relevance (id,relevance_point,specialisation) VALUES (5,2,0);
INSERT INTO studyplaner.relevance (id,relevance_point,specialisation) VALUES (6,2,1);
INSERT INTO studyplaner.relevance (id,relevance_point,specialisation) VALUES (7,2,1);
INSERT INTO studyplaner.relevance (id,relevance_point,specialisation) VALUES (8,2,1);
INSERT INTO studyplaner.relevance (id,relevance_point,specialisation) VALUES (9,2,1);
INSERT INTO studyplaner.relevance (id,relevance_point,specialisation) VALUES (10,2,2);
INSERT INTO studyplaner.relevance (id,relevance_point,specialisation) VALUES (11,2,2);
INSERT INTO studyplaner.relevance (id,relevance_point,specialisation) VALUES (12,2,2);
INSERT INTO studyplaner.relevance (id,relevance_point,specialisation) VALUES (13,2,2);
INSERT INTO studyplaner.relevance (id,relevance_point,specialisation) VALUES (14,1,1);
INSERT INTO studyplaner.relevance (id,relevance_point,specialisation) VALUES (15,1,1);
INSERT INTO studyplaner.relevance (id,relevance_point,specialisation) VALUES (16,1,2);
INSERT INTO studyplaner.relevance (id,relevance_point,specialisation) VALUES (17,2,1);
INSERT INTO studyplaner.relevance (id,relevance_point,specialisation) VALUES (18,1,1);
INSERT INTO studyplaner.relevance (id,relevance_point,specialisation) VALUES (19,1,1);
INSERT INTO studyplaner.relevance (id,relevance_point,specialisation) VALUES (20,1,2);
INSERT INTO studyplaner.relevance (id,relevance_point,specialisation) VALUES (21,2,0);
INSERT INTO studyplaner.relevance (id,relevance_point,specialisation) VALUES (22,2,1);
INSERT INTO studyplaner.relevance (id,relevance_point,specialisation) VALUES (23,1,0);
INSERT INTO studyplaner.relevance (id,relevance_point,specialisation) VALUES (24,1,1);
INSERT INTO studyplaner.relevance (id,relevance_point,specialisation) VALUES (25,1,0);
INSERT INTO studyplaner.relevance (id,relevance_point,specialisation) VALUES (26,1,1);
INSERT INTO studyplaner.relevance (id,relevance_point,specialisation) VALUES (27,1,2);
INSERT INTO studyplaner.relevance (id,relevance_point,specialisation) VALUES (28,1,0);
INSERT INTO studyplaner.relevance (id,relevance_point,specialisation) VALUES (29,2,1);
INSERT INTO studyplaner.relevance (id,relevance_point,specialisation) VALUES (30,1,2);
INSERT INTO studyplaner.relevance (id,relevance_point,specialisation) VALUES (31,2,0);
INSERT INTO studyplaner.relevance (id,relevance_point,specialisation) VALUES (32,2,0);
INSERT INTO studyplaner.relevance (id,relevance_point,specialisation) VALUES (33,1,1);
INSERT INTO studyplaner.relevance (id,relevance_point,specialisation) VALUES (34,1,1);

INSERT INTO studyplaner.module_relevance (module_id,relevance_id) VALUES(1,1);
INSERT INTO studyplaner.module_relevance (module_id,relevance_id) VALUES(2,2);
INSERT INTO studyplaner.module_relevance (module_id,relevance_id) VALUES(3,3);
INSERT INTO studyplaner.module_relevance (module_id,relevance_id) VALUES(3,4);
INSERT INTO studyplaner.module_relevance (module_id,relevance_id) VALUES(4,5);
INSERT INTO studyplaner.module_relevance (module_id,relevance_id) VALUES(5,6);
INSERT INTO studyplaner.module_relevance (module_id,relevance_id) VALUES(6,7);
INSERT INTO studyplaner.module_relevance (module_id,relevance_id) VALUES(7,8);
INSERT INTO studyplaner.module_relevance (module_id,relevance_id) VALUES(8,9);
INSERT INTO studyplaner.module_relevance (module_id,relevance_id) VALUES(9,10);
INSERT INTO studyplaner.module_relevance (module_id,relevance_id) VALUES(10,11);
INSERT INTO studyplaner.module_relevance (module_id,relevance_id) VALUES(11,12);
INSERT INTO studyplaner.module_relevance (module_id,relevance_id) VALUES(12,13);
INSERT INTO studyplaner.module_relevance (module_id,relevance_id) VALUES(13,14);
INSERT INTO studyplaner.module_relevance (module_id,relevance_id) VALUES(14,15);
INSERT INTO studyplaner.module_relevance (module_id,relevance_id) VALUES(14,16);
INSERT INTO studyplaner.module_relevance (module_id,relevance_id) VALUES(15,17);
INSERT INTO studyplaner.module_relevance (module_id,relevance_id) VALUES(16,18);
INSERT INTO studyplaner.module_relevance (module_id,relevance_id) VALUES(17,19);
INSERT INTO studyplaner.module_relevance (module_id,relevance_id) VALUES(18,20);
INSERT INTO studyplaner.module_relevance (module_id,relevance_id) VALUES(19,21);
INSERT INTO studyplaner.module_relevance (module_id,relevance_id) VALUES(19,22);
INSERT INTO studyplaner.module_relevance (module_id,relevance_id) VALUES(20,23);
INSERT INTO studyplaner.module_relevance (module_id,relevance_id) VALUES(21,24);
INSERT INTO studyplaner.module_relevance (module_id,relevance_id) VALUES(22,25);
INSERT INTO studyplaner.module_relevance (module_id,relevance_id) VALUES(22,26);
INSERT INTO studyplaner.module_relevance (module_id,relevance_id) VALUES(22,27);
INSERT INTO studyplaner.module_relevance (module_id,relevance_id) VALUES(23,28);
INSERT INTO studyplaner.module_relevance (module_id,relevance_id) VALUES(23,29);
INSERT INTO studyplaner.module_relevance (module_id,relevance_id) VALUES(23,30);
INSERT INTO studyplaner.module_relevance (module_id,relevance_id) VALUES(24,31);
INSERT INTO studyplaner.module_relevance (module_id,relevance_id) VALUES(25,32);
INSERT INTO studyplaner.module_relevance (module_id,relevance_id) VALUES(26,33);
INSERT INTO studyplaner.module_relevance (module_id,relevance_id) VALUES(27,34);

INSERT INTO studyplaner.semester_plan (id, semester_type, year) VALUES(1, 0, 2022);
INSERT INTO studyplaner.semester_plan (id, semester_type, year) VALUES(2, 1, 2022);
INSERT INTO studyplaner.semester_plan (id, semester_type, year) VALUES(3, 0, 2023);
INSERT INTO studyplaner.semester_plan (id, semester_type, year) VALUES(4, 1, 2023);
INSERT INTO studyplaner.semester_plan (id, semester_type, year) VALUES(5, 0, 2024);
INSERT INTO studyplaner.semester_plan (id, semester_type, year) VALUES(6, 1, 2024);
INSERT INTO studyplaner.semester_plan (id, semester_type, year) VALUES(7, 0, 2025);
INSERT INTO studyplaner.semester_plan (id, semester_type, year) VALUES(8, 1, 2025);

INSERT INTO studyplaner.module_semester_plan (module_id, semester_plan_id) VALUES(1, 2);
INSERT INTO studyplaner.module_semester_plan (module_id, semester_plan_id) VALUES(1, 4);
INSERT INTO studyplaner.module_semester_plan (module_id, semester_plan_id) VALUES(2, 1);
INSERT INTO studyplaner.module_semester_plan (module_id, semester_plan_id) VALUES(2, 3);
INSERT INTO studyplaner.module_semester_plan (module_id, semester_plan_id) VALUES(2, 5);
INSERT INTO studyplaner.module_semester_plan (module_id, semester_plan_id) VALUES(3, 2);
INSERT INTO studyplaner.module_semester_plan (module_id, semester_plan_id) VALUES(3, 4);
INSERT INTO studyplaner.module_semester_plan (module_id, semester_plan_id) VALUES(3, 6);
INSERT INTO studyplaner.module_semester_plan (module_id, semester_plan_id) VALUES(4, 1);
INSERT INTO studyplaner.module_semester_plan (module_id, semester_plan_id) VALUES(4, 3);
INSERT INTO studyplaner.module_semester_plan (module_id, semester_plan_id) VALUES(4, 5);
INSERT INTO studyplaner.module_semester_plan (module_id, semester_plan_id) VALUES(5, 2);
INSERT INTO studyplaner.module_semester_plan (module_id, semester_plan_id) VALUES(5, 4);
INSERT INTO studyplaner.module_semester_plan (module_id, semester_plan_id) VALUES(5, 6);
INSERT INTO studyplaner.module_semester_plan (module_id, semester_plan_id) VALUES(6, 1);
INSERT INTO studyplaner.module_semester_plan (module_id, semester_plan_id) VALUES(6, 3);
INSERT INTO studyplaner.module_semester_plan (module_id, semester_plan_id) VALUES(6, 5);
INSERT INTO studyplaner.module_semester_plan (module_id, semester_plan_id) VALUES(7, 2);
INSERT INTO studyplaner.module_semester_plan (module_id, semester_plan_id) VALUES(7, 4);
INSERT INTO studyplaner.module_semester_plan (module_id, semester_plan_id) VALUES(7, 6);
INSERT INTO studyplaner.module_semester_plan (module_id, semester_plan_id) VALUES(8, 1);
INSERT INTO studyplaner.module_semester_plan (module_id, semester_plan_id) VALUES(8, 3);
INSERT INTO studyplaner.module_semester_plan (module_id, semester_plan_id) VALUES(8, 5);
INSERT INTO studyplaner.module_semester_plan (module_id, semester_plan_id) VALUES(9, 2);
INSERT INTO studyplaner.module_semester_plan (module_id, semester_plan_id) VALUES(9, 4);
INSERT INTO studyplaner.module_semester_plan (module_id, semester_plan_id) VALUES(9, 6);
INSERT INTO studyplaner.module_semester_plan (module_id, semester_plan_id) VALUES(10, 2);
INSERT INTO studyplaner.module_semester_plan (module_id, semester_plan_id) VALUES(10, 4);
INSERT INTO studyplaner.module_semester_plan (module_id, semester_plan_id) VALUES(10, 6);
INSERT INTO studyplaner.module_semester_plan (module_id, semester_plan_id) VALUES(11, 1);
INSERT INTO studyplaner.module_semester_plan (module_id, semester_plan_id) VALUES(11, 3);
INSERT INTO studyplaner.module_semester_plan (module_id, semester_plan_id) VALUES(11, 5);
INSERT INTO studyplaner.module_semester_plan (module_id, semester_plan_id) VALUES(12, 2);
INSERT INTO studyplaner.module_semester_plan (module_id, semester_plan_id) VALUES(12, 4);
INSERT INTO studyplaner.module_semester_plan (module_id, semester_plan_id) VALUES(12, 6);
INSERT INTO studyplaner.module_semester_plan (module_id, semester_plan_id) VALUES(13, 1);
INSERT INTO studyplaner.module_semester_plan (module_id, semester_plan_id) VALUES(13, 3);
INSERT INTO studyplaner.module_semester_plan (module_id, semester_plan_id) VALUES(13, 5);
INSERT INTO studyplaner.module_semester_plan (module_id, semester_plan_id) VALUES(14, 2);
INSERT INTO studyplaner.module_semester_plan (module_id, semester_plan_id) VALUES(14, 4);
INSERT INTO studyplaner.module_semester_plan (module_id, semester_plan_id) VALUES(14, 6);
INSERT INTO studyplaner.module_semester_plan (module_id, semester_plan_id) VALUES(15, 2);
INSERT INTO studyplaner.module_semester_plan (module_id, semester_plan_id) VALUES(15, 4);
INSERT INTO studyplaner.module_semester_plan (module_id, semester_plan_id) VALUES(15, 6);
INSERT INTO studyplaner.module_semester_plan (module_id, semester_plan_id) VALUES(16, 2);
INSERT INTO studyplaner.module_semester_plan (module_id, semester_plan_id) VALUES(16, 4);
INSERT INTO studyplaner.module_semester_plan (module_id, semester_plan_id) VALUES(16, 6);
INSERT INTO studyplaner.module_semester_plan (module_id, semester_plan_id) VALUES(17, 2);
INSERT INTO studyplaner.module_semester_plan (module_id, semester_plan_id) VALUES(17, 4);
INSERT INTO studyplaner.module_semester_plan (module_id, semester_plan_id) VALUES(17, 6);
INSERT INTO studyplaner.module_semester_plan (module_id, semester_plan_id) VALUES(18, 1);
INSERT INTO studyplaner.module_semester_plan (module_id, semester_plan_id) VALUES(18, 3);
INSERT INTO studyplaner.module_semester_plan (module_id, semester_plan_id) VALUES(18, 5);
INSERT INTO studyplaner.module_semester_plan (module_id, semester_plan_id) VALUES(19, 1);
INSERT INTO studyplaner.module_semester_plan (module_id, semester_plan_id) VALUES(19, 3);
INSERT INTO studyplaner.module_semester_plan (module_id, semester_plan_id) VALUES(19, 5);
INSERT INTO studyplaner.module_semester_plan (module_id, semester_plan_id) VALUES(20, 2);
INSERT INTO studyplaner.module_semester_plan (module_id, semester_plan_id) VALUES(20, 4);
INSERT INTO studyplaner.module_semester_plan (module_id, semester_plan_id) VALUES(20, 6);
INSERT INTO studyplaner.module_semester_plan (module_id, semester_plan_id) VALUES(21, 1);
INSERT INTO studyplaner.module_semester_plan (module_id, semester_plan_id) VALUES(21, 3);
INSERT INTO studyplaner.module_semester_plan (module_id, semester_plan_id) VALUES(21, 5);
INSERT INTO studyplaner.module_semester_plan (module_id, semester_plan_id) VALUES(22, 4);
INSERT INTO studyplaner.module_semester_plan (module_id, semester_plan_id) VALUES(22, 6);
INSERT INTO studyplaner.module_semester_plan (module_id, semester_plan_id) VALUES(23, 2);
INSERT INTO studyplaner.module_semester_plan (module_id, semester_plan_id) VALUES(23, 4);
INSERT INTO studyplaner.module_semester_plan (module_id, semester_plan_id) VALUES(23, 6);
INSERT INTO studyplaner.module_semester_plan (module_id, semester_plan_id) VALUES(24, 1);
INSERT INTO studyplaner.module_semester_plan (module_id, semester_plan_id) VALUES(24, 3);
INSERT INTO studyplaner.module_semester_plan (module_id, semester_plan_id) VALUES(24, 5);
INSERT INTO studyplaner.module_semester_plan (module_id, semester_plan_id) VALUES(25, 1);
INSERT INTO studyplaner.module_semester_plan (module_id, semester_plan_id) VALUES(25, 3);
INSERT INTO studyplaner.module_semester_plan (module_id, semester_plan_id) VALUES(25, 5);
INSERT INTO studyplaner.module_semester_plan (module_id, semester_plan_id) VALUES(26, 2);
INSERT INTO studyplaner.module_semester_plan (module_id, semester_plan_id) VALUES(26, 4);
INSERT INTO studyplaner.module_semester_plan (module_id, semester_plan_id) VALUES(26, 6);
INSERT INTO studyplaner.module_semester_plan (module_id, semester_plan_id) VALUES(27, 1);
INSERT INTO studyplaner.module_semester_plan (module_id, semester_plan_id) VALUES(27, 3);
INSERT INTO studyplaner.module_semester_plan (module_id, semester_plan_id) VALUES(27, 5);